[{"model": "produto.produto", "pk": 1, "fields": {"nome": "Super Mario Odyssey", "imagem": "produto_imagens/2023/02/super-mario-odyssey.png", "slug": "super-mario-odyssey", "preco_marketing": 197.88, "score": 100.0}}, {"model": "produto.produto", "pk": 2, "fields": {"nome": "Call Of Duty Infinite Warfare", "imagem": "produto_imagens/2023/02/call-of-duty-infinite-warfare.png", "slug": "call-of-duty-infinite-warfare", "preco_marketing": 49.99, "score": 80.0}}, {"model": "produto.produto", "pk": 3, "fields": {"nome": "The Witcher III Wild Hunt", "imagem": "produto_imagens/2023/02/the-witcher-iii-wild-hunt.png", "slug": "the-witcher-iii-wild-hunt", "preco_marketing": 119.5, "score": 250.0}}, {"model": "produto.produto", "pk": 4, "fields": {"nome": "Call Of Duty WWII", "imagem": "produto_imagens/2023/02/call-of-duty-wwii.png", "slug": "call-of-duty-wwii", "preco_marketing": 249.99, "score": 205.0}}, {"model": "produto.produto", "pk": 5, "fields": {"nome": "Mortal Kombat XL", "imagem": "produto_imagens/2023/02/mortal-kombat-xl.png", "slug": "mortal-kombat-xl", "preco_marketing": 69.99, "score": 150.0}}, {"model": "produto.produto", "pk": 6, "fields": {"nome": "Shards of Darkness", "imagem": "produto_imagens/2023/02/shards-of-darkness.png", "slug": "shards-of-darkness", "preco_marketing": 71.94, "score": 400.0}}, {"model": "produto.produto", "pk": 7, "fields": {"nome": "Terra MÚdia: Sombras de Mordor", "imagem": "produto_imagens/2023/02/terra-media-sombras-de-mordor.png", "slug": "terra-media-sombras-de-mordor", "preco_marketing": 79.99, "score": 50.0}}, {"model": "produto.produto", "pk": 8, "fields": {"nome": "FIFA 18", "imagem": "produto_imagens/2023/02/fifa-18.png", "slug": "fifa-18", "preco_marketing": 195.39, "score": 325.0}}, {"model": "produto.produto", "pk": 9, "fields": {"nome": "Horizon Zero Dawn", "imagem": "produto_imagens/2023/02/horizon-zero-dawn.png", "slug": "horizon-zero-dawn", "preco_marketing": 115.8, "score": 290.0}}, {"model": "produto.produto", "pk": 41, "fields": {"nome": "Call Oof Duty Infinite Warfare", "imagem": "", "slug": "call-oof-duty-infinite-warfare", "preco_marketing": 49.99, "score": 80.0}}, {"model": "produto.variacao", "pk": 3, "fields": {"produto": 3, "nome": "The Witcher III Wild Hunt", "preco": 119.5, "estoque": 10}}, {"model": "produto.variacao", "pk": 4, "fields": {"produto": 4, "nome": "Call Of Duty WWII", "preco": 249.99, "estoque": 10}}, {"model": "produto.variacao", "pk": 5, "fields": {"produto": 5, "nome": "Mortal Kombat XL", "preco": 69.99, "estoque": 11}}, {"model": "produto.variacao", "pk": 6, "fields": {"produto": 6, "nome": "Shards of Darkness", "preco": 71.94, "estoque": 10}}, {"model": "produto.variacao", "pk": 7, "fields": {"produto": 7, "nome": "Terra MÚdia: Sombras de Mordor", "preco": 79.99, "estoque": 10}}, {"model": "produto.variacao", "pk": 8, "fields": {"produto": 8, "nome": "FIFA 18", "preco": 195.39, "estoque": 10}}, {"model": "produto.variacao", "pk": 9, "fields": {"produto": 9, "nome": "Horizon Zero Dawn", "preco": 115.8, "estoque": 10}}, {"model": "produto.variacao", "pk": 21, "fields": {"produto": 5, "nome": "Mortal Kombat XLY", "preco": 669.99, "estoque": 11}}, {"model": "pedido.pedido", "pk": 1, "fields": {"usuario": 1, "total": 119.5, "qtd_total": 1, "frete": 0.0, "subtotal": 0.0, "status": "C"}}, {"model": "pedido.pedido", "pk": 2, "fields": {"usuario": 1, "total": 119.5, "qtd_total": 1, "frete": 0.0, "subtotal": 0.0, "status": "C"}}, {"model": "pedido.pedido", "pk": 3, "fields": {"usuario": 1, "total": 320.39, "qtd_total": 2, "frete": 0.0, "subtotal": 0.0, "status": "C"}}, {"model": "pedido.pedido", "pk": 4, "fields": {"usuario": 1, "total": 195.39, "qtd_total": 1, "frete": 0.0, "subtotal": 0.0, "status": "C"}}, {"model": "pedido.pedido", "pk": 5, "fields": {"usuario": 1, "total": 0.0, "qtd_total": 0, "frete": 0.0, "subtotal": 0.0, "status": "C"}}, {"model": "pedido.pedido", "pk": 6, "fields": {"usuario": 1, "total": 0.0, "qtd_total": 0, "frete": 0.0, "subtotal": 0.0, "status": "C"}}, {"model": "pedido.pedido", "pk": 10, "fields": {"usuario": 1, "total": 150.0, "qtd_total": 1, "frete": 0.0, "subtotal": 0.0, "status": "C"}}, {"model": "pedido.pedido", "pk": 11, "fields": {"usuario": 2, "total": 150.0, "qtd_total": 1, "frete": 0.0, "subtotal": 0.0, "status": "C"}}, {"model": "pedido.pedido", "pk": 12, "fields": {"usuario": 2, "total": 0.0, "qtd_total": 0, "frete": 0.0, "subtotal": 0.0, "status": "C"}}, {"model": "pedido.pedido", "pk": 13, "fields": {"usuario": 2, "total": 0.0, "qtd_total": 0, "frete": 0.0, "subtotal": 0.0, "status": "C"}}, {"model": "pedido.pedido", "pk": 14, "fields": {"usuario": 2, "total": 0.0, "qtd_total": 1, "frete": 0.0, "subtotal": 0.0, "status": "C"}}, {"model": "pedido.pedido", "pk": 15, "fields": {"usuario": 2, "total": 0.0, "qtd_total": 1, "frete": 0.0, "subtotal": 0.0, "status": "C"}}, {"model": "pedido.pedido", "pk": 16, "fields": {"usuario": 2, "total": 195.39, "qtd_total": 1, "frete": 0.0, "subtotal": 0.0, "status": "C"}}, {"model": "pedido.pedido", "pk": 17, "fields": {"usuario": 2, "total": 205.39, "qtd_total": 1, "frete": 0.0, "subtotal": 195.39, "status": "C"}}, {"model": "pedido.pedido", "pk": 18, "fields": {"usuario": 2, "total": 205.39, "qtd_total": 1, "frete": 10.0, "subtotal": 195.39, "status": "C"}}, {"model": "pedido.pedido", "pk": 19, "fields": {"usuario": 2, "total": 320.39, "qtd_total": 2, "frete": 0.0, "subtotal": 320.39, "status": "C"}}, {"model": "pedido.itempedido", "pk": 1, "fields": {"pedido": 2, "produto": "The Witcher III Wild Hunt", "produto_id": 3, "variacao": "The Witcher III Wild Hunt", "variacao_id": 3, "preco": 119.5, "preco_promocional": 0.0, "quantidade": 1, "imagem": "produto_imagens/2023/02/the-witcher-iii-wild-hunt.png"}}, {"model": "pedido.itempedido", "pk": 2, "fields": {"pedido": 3, "produto": "The Last Of Us Part I - PlayStation 5", "produto_id": 10, "variacao": "Teste", "variacao_id": 10, "preco": 125.0, "preco_promocional": 0.0, "quantidade": 1, "imagem": "produto_imagens/2023/02/the-last-of-us.jpeg"}}, {"model": "pedido.itempedido", "pk": 3, "fields": {"pedido": 3, "produto": "FIFA 18", "produto_id": 8, "variacao": "FIFA 18", "variacao_id": 8, "preco": 195.39, "preco_promocional": 0.0, "quantidade": 1, "imagem": "produto_imagens/2023/02/fifa-18.png"}}, {"model": "pedido.itempedido", "pk": 4, "fields": {"pedido": 4, "produto": "FIFA 18", "produto_id": 8, "variacao": "FIFA 18", "variacao_id": 8, "preco": 195.39, "preco_promocional": 0.0, "quantidade": 1, "imagem": "produto_imagens/2023/02/fifa-18.png"}}, {"model": "pedido.itempedido", "pk": 5, "fields": {"pedido": 10, "produto": "FIFA 18", "produto_id": 8, "variacao": "FIFA 18", "variacao_id": 8, "preco": 195.39, "preco_promocional": 0.0, "quantidade": 1, "imagem": "produto_imagens/2023/02/fifa-18.png"}}, {"model": "pedido.itempedido", "pk": 6, "fields": {"pedido": 11, "produto": "FIFA 18", "produto_id": 8, "variacao": "FIFA 18", "variacao_id": 8, "preco": 195.39, "preco_promocional": 0.0, "quantidade": 1, "imagem": "produto_imagens/2023/02/fifa-18.png"}}, {"model": "pedido.itempedido", "pk": 7, "fields": {"pedido": 16, "produto": "FIFA 18", "produto_id": 8, "variacao": "FIFA 18", "variacao_id": 8, "preco": 195.39, "preco_promocional": 0.0, "quantidade": 1, "imagem": "produto_imagens/2023/02/fifa-18.png"}}, {"model": "pedido.itempedido", "pk": 8, "fields": {"pedido": 17, "produto": "FIFA 18", "produto_id": 8, "variacao": "FIFA 18", "variacao_id": 8, "preco": 195.39, "preco_promocional": 0.0, "quantidade": 1, "imagem": "produto_imagens/2023/02/fifa-18.png"}}, {"model": "pedido.itempedido", "pk": 9, "fields": {"pedido": 18, "produto": "FIFA 18", "produto_id": 8, "variacao": "FIFA 18", "variacao_id": 8, "preco": 195.39, "preco_promocional": 0.0, "quantidade": 1, "imagem": "produto_imagens/2023/02/fifa-18.png"}}, {"model": "pedido.itempedido", "pk": 10, "fields": {"pedido": 19, "produto": "FIFA 18", "produto_id": 8, "variacao": "FIFA 18", "variacao_id": 8, "preco": 195.39, "preco_promocional": 0.0, "quantidade": 1, "imagem": "produto_imagens/2023/02/fifa-18.png"}}, {"model": "pedido.itempedido", "pk": 11, "fields": {"pedido": 19, "produto": "The Last Of Us Part I - PlayStation 5", "produto_id": 10, "variacao": "Teste", "variacao_id": 10, "preco": 125.0, "preco_promocional": 0.0, "quantidade": 1, "imagem": "produto_imagens/2023/02/the-last-of-us.jpeg"}}, {"model": "perfil.perfil", "pk": 1, "fields": {"usuario": 1, "idade": 21, "data_nascimento": "2002-06-22", "cpf": "20208505750", "endereco": "Av.Brasil", "numero": "06", "complemento": "centro", "bairro": "centro", "cep": "25650061", "cidade": "Petr¾polis", "estado": "RJ"}}, {"model": "perfil.perfil", "pk": 2, "fields": {"usuario": 2, "idade": 20, "data_nascimento": "2002-06-22", "cpf": "20208505750", "endereco": "Av.Brasil", "numero": "1916", "complemento": "servidao", "bairro": "centro", "cep": "28410061", "cidade": "Petr¾polis", "estado": "RJ"}}, {"model": "perfil.perfil", "pk": 3, "fields": {"usuario": 3, "idade": 22, "data_nascimento": "2000-06-22", "cpf": "06583366738", "endereco": "Av.Brasil", "numero": "1916", "complemento": "centro", "bairro": "centro", "cep": "34846123", "cidade": "Petr¾polis", "estado": "RJ"}}, {"model": "admin.logentry", "pk": 1, "fields": {"action_time": "2023-02-09T16:33:49.745Z", "user": 1, "content_type": 1, "object_id": "1", "object_repr": "Super Mario Odyssey", "action_flag": 1, "change_message": "[{\"added\": {}}, {\"added\": {\"name\": \"Varia\\u00e7\\u00e3o\", \"object\": \"Super Mario Odyssey\"}}]"}}, {"model": "admin.logentry", "pk": 2, "fields": {"action_time": "2023-02-09T16:34:18.988Z", "user": 1, "content_type": 1, "object_id": "2", "object_repr": "Call Of Duty Infinite Warfare", "action_flag": 1, "change_message": "[{\"added\": {}}, {\"added\": {\"name\": \"Varia\\u00e7\\u00e3o\", \"object\": \"Call Of Duty Infinite Warfare\"}}]"}}, {"model": "admin.logentry", "pk": 3, "fields": {"action_time": "2023-02-09T16:34:50.917Z", "user": 1, "content_type": 1, "object_id": "3", "object_repr": "The Witcher III Wild Hunt", "action_flag": 1, "change_message": "[{\"added\": {}}, {\"added\": {\"name\": \"Varia\\u00e7\\u00e3o\", \"object\": \"The Witcher III Wild Hunt\"}}]"}}, {"model": "admin.logentry", "pk": 4, "fields": {"action_time": "2023-02-09T16:35:13.201Z", "user": 1, "content_type": 1, "object_id": "4", "object_repr": "Call Of Duty WWII", "action_flag": 1, "change_message": "[{\"added\": {}}, {\"added\": {\"name\": \"Varia\\u00e7\\u00e3o\", \"object\": \"Call Of Duty WWII\"}}]"}}, {"model": "admin.logentry", "pk": 5, "fields": {"action_time": "2023-02-09T16:35:40.366Z", "user": 1, "content_type": 1, "object_id": "5", "object_repr": "Mortal Kombat XL", "action_flag": 1, "change_message": "[{\"added\": {}}, {\"added\": {\"name\": \"Varia\\u00e7\\u00e3o\", \"object\": \"Mortal Kombat XL\"}}]"}}, {"model": "admin.logentry", "pk": 6, "fields": {"action_time": "2023-02-09T16:36:00.841Z", "user": 1, "content_type": 1, "object_id": "6", "object_repr": "Shards of Darkness", "action_flag": 1, "change_message": "[{\"added\": {}}, {\"added\": {\"name\": \"Varia\\u00e7\\u00e3o\", \"object\": \"Shards of Darkness\"}}]"}}, {"model": "admin.logentry", "pk": 7, "fields": {"action_time": "2023-02-09T16:36:16.500Z", "user": 1, "content_type": 1, "object_id": "7", "object_repr": "Terra MÚdia: Sombras de Mordor", "action_flag": 1, "change_message": "[{\"added\": {}}, {\"added\": {\"name\": \"Varia\\u00e7\\u00e3o\", \"object\": \"Terra M\\u00e9dia: Sombras de Mordor\"}}]"}}, {"model": "admin.logentry", "pk": 8, "fields": {"action_time": "2023-02-09T16:43:24.407Z", "user": 1, "content_type": 1, "object_id": "7", "object_repr": "Terra MÚdia: Sombras de Mordor", "action_flag": 2, "change_message": "[{\"changed\": {\"fields\": [\"Imagem\"]}}]"}}, {"model": "admin.logentry", "pk": 9, "fields": {"action_time": "2023-02-09T16:43:28.758Z", "user": 1, "content_type": 1, "object_id": "5", "object_repr": "Mortal Kombat XL", "action_flag": 2, "change_message": "[]"}}, {"model": "admin.logentry", "pk": 10, "fields": {"action_time": "2023-02-09T16:43:31.935Z", "user": 1, "content_type": 1, "object_id": "4", "object_repr": "Call Of Duty WWII", "action_flag": 2, "change_message": "[]"}}, {"model": "admin.logentry", "pk": 11, "fields": {"action_time": "2023-02-09T16:43:36.280Z", "user": 1, "content_type": 1, "object_id": "3", "object_repr": "The Witcher III Wild Hunt", "action_flag": 2, "change_message": "[{\"changed\": {\"name\": \"Varia\\u00e7\\u00e3o\", \"object\": \"The Witcher III Wild Hunt\", \"fields\": [\"Estoque\"]}}]"}}, {"model": "admin.logentry", "pk": 12, "fields": {"action_time": "2023-02-09T16:43:39.873Z", "user": 1, "content_type": 1, "object_id": "2", "object_repr": "Call Of Duty Infinite Warfare", "action_flag": 2, "change_message": "[{\"changed\": {\"name\": \"Varia\\u00e7\\u00e3o\", \"object\": \"Call Of Duty Infinite Warfare\", \"fields\": [\"Estoque\"]}}]"}}, {"model": "admin.logentry", "pk": 13, "fields": {"action_time": "2023-02-09T16:44:15.071Z", "user": 1, "content_type": 1, "object_id": "8", "object_repr": "FIFA 18", "action_flag": 1, "change_message": "[{\"added\": {}}, {\"added\": {\"name\": \"Varia\\u00e7\\u00e3o\", \"object\": \"FIFA 18\"}}]"}}, {"model": "admin.logentry", "pk": 14, "fields": {"action_time": "2023-02-09T16:44:39.945Z", "user": 1, "content_type": 1, "object_id": "9", "object_repr": "Horizon Zero Dawn", "action_flag": 1, "change_message": "[{\"added\": {}}, {\"added\": {\"name\": \"Varia\\u00e7\\u00e3o\", \"object\": \"Horizon Zero Dawn\"}}]"}}, {"model": "admin.logentry", "pk": 15, "fields": {"action_time": "2023-02-09T20:30:56.571Z", "user": 1, "content_type": 9, "object_id": "2", "object_repr": "milena", "action_flag": 1, "change_message": "[{\"added\": {}}]"}}, {"model": "admin.logentry", "pk": 16, "fields": {"action_time": "2023-02-09T22:38:17.273Z", "user": 1, "content_type": 1, "object_id": "14", "object_repr": "GGG", "action_flag": 3, "change_message": ""}}, {"model": "admin.logentry", "pk": 17, "fields": {"action_time": "2023-02-09T22:38:17.552Z", "user": 1, "content_type": 1, "object_id": "13", "object_repr": "Game Novo", "action_flag": 3, "change_message": ""}}, {"model": "admin.logentry", "pk": 18, "fields": {"action_time": "2023-02-09T22:38:17.735Z", "user": 1, "content_type": 1, "object_id": "12", "object_repr": "Game", "action_flag": 3, "change_message": ""}}, {"model": "admin.logentry", "pk": 19, "fields": {"action_time": "2023-02-09T22:38:17.909Z", "user": 1, "content_type": 1, "object_id": "11", "object_repr": "NewGame", "action_flag": 3, "change_message": ""}}, {"model": "admin.logentry", "pk": 20, "fields": {"action_time": "2023-02-09T22:57:36.465Z", "user": 1, "content_type": 1, "object_id": "15", "object_repr": "GGG", "action_flag": 3, "change_message": ""}}, {"model": "admin.logentry", "pk": 21, "fields": {"action_time": "2023-02-10T04:30:32.695Z", "user": 1, "content_type": 1, "object_id": "31", "object_repr": "GGGasdshadssdssa", "action_flag": 3, "change_message": ""}}, {"model": "admin.logentry", "pk": 22, "fields": {"action_time": "2023-02-10T04:30:32.799Z", "user": 1, "content_type": 1, "object_id": "30", "object_repr": "GGGasdssdsaadadasasdsdsaaaadassdadssdssa", "action_flag": 3, "change_message": ""}}, {"model": "admin.logentry", "pk": 23, "fields": {"action_time": "2023-02-10T04:30:33.011Z", "user": 1, "content_type": 1, "object_id": "29", "object_repr": "GGGasdssdsaadadasasdsaaaadassdadssdssa", "action_flag": 3, "change_message": ""}}, {"model": "admin.logentry", "pk": 24, "fields": {"action_time": "2023-02-10T04:30:33.139Z", "user": 1, "content_type": 1, "object_id": "28", "object_repr": "GGGasdssdsaadadasasdsaaaadassdasdssa", "action_flag": 3, "change_message": ""}}, {"model": "admin.logentry", "pk": 25, "fields": {"action_time": "2023-02-10T04:30:33.240Z", "user": 1, "content_type": 1, "object_id": "27", "object_repr": "GGGasdssdsaadadasasdsaaaadsdasdssa", "action_flag": 3, "change_message": ""}}, {"model": "admin.logentry", "pk": 26, "fields": {"action_time": "2023-02-10T04:30:33.339Z", "user": 1, "content_type": 1, "object_id": "26", "object_repr": "GGGasdssdsaadadasdsaaaadsdasdssa", "action_flag": 3, "change_message": ""}}, {"model": "admin.logentry", "pk": 27, "fields": {"action_time": "2023-02-10T04:30:33.455Z", "user": 1, "content_type": 1, "object_id": "25", "object_repr": "GGGasdsaadadasdsaaaadsdasdssa", "action_flag": 3, "change_message": ""}}, {"model": "admin.logentry", "pk": 28, "fields": {"action_time": "2023-02-10T04:30:33.553Z", "user": 1, "content_type": 1, "object_id": "24", "object_repr": "GGGasdsadadasdsaaaadsdasdssa", "action_flag": 3, "change_message": ""}}, {"model": "admin.logentry", "pk": 29, "fields": {"action_time": "2023-02-10T04:30:33.669Z", "user": 1, "content_type": 1, "object_id": "23", "object_repr": "GGGasdsaddasdsaaaadsdasdssa", "action_flag": 3, "change_message": ""}}, {"model": "admin.logentry", "pk": 30, "fields": {"action_time": "2023-02-10T04:30:33.760Z", "user": 1, "content_type": 1, "object_id": "22", "object_repr": "GGGasdsaddasdsaaaadsdsdssa", "action_flag": 3, "change_message": ""}}, {"model": "admin.logentry", "pk": 31, "fields": {"action_time": "2023-02-10T04:30:33.851Z", "user": 1, "content_type": 1, "object_id": "21", "object_repr": "GGGasdsaddsdsaaaadsdsdssa", "action_flag": 3, "change_message": ""}}, {"model": "admin.logentry", "pk": 32, "fields": {"action_time": "2023-02-10T04:30:33.951Z", "user": 1, "content_type": 1, "object_id": "20", "object_repr": "GGGasdsaddsdsadsdsdssa", "action_flag": 3, "change_message": ""}}, {"model": "admin.logentry", "pk": 33, "fields": {"action_time": "2023-02-10T04:30:34.059Z", "user": 1, "content_type": 1, "object_id": "19", "object_repr": "GGGasdsaddsdsdssa", "action_flag": 3, "change_message": ""}}, {"model": "admin.logentry", "pk": 34, "fields": {"action_time": "2023-02-10T04:30:34.149Z", "user": 1, "content_type": 1, "object_id": "18", "object_repr": "GGGasdsadsa", "action_flag": 3, "change_message": ""}}, {"model": "admin.logentry", "pk": 35, "fields": {"action_time": "2023-02-10T04:30:34.290Z", "user": 1, "content_type": 1, "object_id": "17", "object_repr": "GGGasd", "action_flag": 3, "change_message": ""}}, {"model": "admin.logentry", "pk": 36, "fields": {"action_time": "2023-02-10T04:30:34.389Z", "user": 1, "content_type": 1, "object_id": "16", "object_repr": "GGG", "action_flag": 3, "change_message": ""}}, {"model": "admin.logentry", "pk": 37, "fields": {"action_time": "2023-02-10T04:43:25.678Z", "user": 1, "content_type": 1, "object_id": "34", "object_repr": "Tete11asd", "action_flag": 3, "change_message": ""}}, {"model": "admin.logentry", "pk": 38, "fields": {"action_time": "2023-02-10T04:43:25.811Z", "user": 1, "content_type": 1, "object_id": "33", "object_repr": "Tete11", "action_flag": 3, "change_message": ""}}, {"model": "admin.logentry", "pk": 39, "fields": {"action_time": "2023-02-10T04:43:26.018Z", "user": 1, "content_type": 1, "object_id": "32", "object_repr": "Tete1", "action_flag": 3, "change_message": ""}}, {"model": "admin.logentry", "pk": 40, "fields": {"action_time": "2023-02-10T06:02:51.547Z", "user": 1, "content_type": 1, "object_id": "40", "object_repr": "ChatGptddsdsddss", "action_flag": 3, "change_message": ""}}, {"model": "admin.logentry", "pk": 41, "fields": {"action_time": "2023-02-10T06:02:51.727Z", "user": 1, "content_type": 1, "object_id": "39", "object_repr": "ChatGptddsdsds", "action_flag": 3, "change_message": ""}}, {"model": "admin.logentry", "pk": 42, "fields": {"action_time": "2023-02-10T06:02:51.863Z", "user": 1, "content_type": 1, "object_id": "38", "object_repr": "ChatGptddsds", "action_flag": 3, "change_message": ""}}, {"model": "admin.logentry", "pk": 43, "fields": {"action_time": "2023-02-10T06:02:51.979Z", "user": 1, "content_type": 1, "object_id": "37", "object_repr": "ChatGptdds", "action_flag": 3, "change_message": ""}}, {"model": "admin.logentry", "pk": 44, "fields": {"action_time": "2023-02-10T06:02:52.143Z", "user": 1, "content_type": 1, "object_id": "36", "object_repr": "ChatGptdd", "action_flag": 3, "change_message": ""}}, {"model": "admin.logentry", "pk": 45, "fields": {"action_time": "2023-02-10T06:02:52.340Z", "user": 1, "content_type": 1, "object_id": "35", "object_repr": "ChatGpt", "action_flag": 3, "change_message": ""}}, {"model": "admin.logentry", "pk": 46, "fields": {"action_time": "2023-02-11T00:39:56.798Z", "user": 1, "content_type": 3, "object_id": "7", "object_repr": "Pedido N. 7", "action_flag": 3, "change_message": ""}}, {"model": "admin.logentry", "pk": 47, "fields": {"action_time": "2023-02-11T00:41:44.871Z", "user": 1, "content_type": 3, "object_id": "8", "object_repr": "Pedido N. 8", "action_flag": 3, "change_message": ""}}, {"model": "admin.logentry", "pk": 48, "fields": {"action_time": "2023-02-11T00:46:10.999Z", "user": 1, "content_type": 3, "object_id": "9", "object_repr": "Pedido N. 9", "action_flag": 3, "change_message": ""}}, {"model": "admin.logentry", "pk": 49, "fields": {"action_time": "2023-02-11T00:54:52.485Z", "user": 1, "content_type": 3, "object_id": "10", "object_repr": "Pedido N. 10", "action_flag": 2, "change_message": "[{\"changed\": {\"name\": \"Item do pedido\", \"object\": \"Item do Pedido N. 10\", \"fields\": [\"Imagem\"]}}]"}}, {"model": "admin.logentry", "pk": 50, "fields": {"action_time": "2023-02-11T17:13:39.148Z", "user": 1, "content_type": 1, "object_id": "43", "object_repr": "Banner_index", "action_flag": 3, "change_message": ""}}, {"model": "admin.logentry", "pk": 51, "fields": {"action_time": "2023-02-11T17:13:39.285Z", "user": 1, "content_type": 1, "object_id": "42", "object_repr": "Teste", "action_flag": 3, "change_message": ""}}, {"model": "auth.permission", "pk": 1, "fields": {"name": "Can add produto", "content_type": 1, "codename": "add_produto"}}, {"model": "auth.permission", "pk": 2, "fields": {"name": "Can change produto", "content_type": 1, "codename": "change_produto"}}, {"model": "auth.permission", "pk": 3, "fields": {"name": "Can delete produto", "content_type": 1, "codename": "delete_produto"}}, {"model": "auth.permission", "pk": 4, "fields": {"name": "Can view produto", "content_type": 1, "codename": "view_produto"}}, {"model": "auth.permission", "pk": 5, "fields": {"name": "Can add VariaþÒo", "content_type": 2, "codename": "add_variacao"}}, {"model": "auth.permission", "pk": 6, "fields": {"name": "Can change VariaþÒo", "content_type": 2, "codename": "change_variacao"}}, {"model": "auth.permission", "pk": 7, "fields": {"name": "Can delete VariaþÒo", "content_type": 2, "codename": "delete_variacao"}}, {"model": "auth.permission", "pk": 8, "fields": {"name": "Can view VariaþÒo", "content_type": 2, "codename": "view_variacao"}}, {"model": "auth.permission", "pk": 9, "fields": {"name": "Can add pedido", "content_type": 3, "codename": "add_pedido"}}, {"model": "auth.permission", "pk": 10, "fields": {"name": "Can change pedido", "content_type": 3, "codename": "change_pedido"}}, {"model": "auth.permission", "pk": 11, "fields": {"name": "Can delete pedido", "content_type": 3, "codename": "delete_pedido"}}, {"model": "auth.permission", "pk": 12, "fields": {"name": "Can view pedido", "content_type": 3, "codename": "view_pedido"}}, {"model": "auth.permission", "pk": 13, "fields": {"name": "Can add Item do pedido", "content_type": 4, "codename": "add_itempedido"}}, {"model": "auth.permission", "pk": 14, "fields": {"name": "Can change Item do pedido", "content_type": 4, "codename": "change_itempedido"}}, {"model": "auth.permission", "pk": 15, "fields": {"name": "Can delete Item do pedido", "content_type": 4, "codename": "delete_itempedido"}}, {"model": "auth.permission", "pk": 16, "fields": {"name": "Can view Item do pedido", "content_type": 4, "codename": "view_itempedido"}}, {"model": "auth.permission", "pk": 17, "fields": {"name": "Can add Perfil", "content_type": 5, "codename": "add_perfil"}}, {"model": "auth.permission", "pk": 18, "fields": {"name": "Can change Perfil", "content_type": 5, "codename": "change_perfil"}}, {"model": "auth.permission", "pk": 19, "fields": {"name": "Can delete Perfil", "content_type": 5, "codename": "delete_perfil"}}, {"model": "auth.permission", "pk": 20, "fields": {"name": "Can view Perfil", "content_type": 5, "codename": "view_perfil"}}, {"model": "auth.permission", "pk": 21, "fields": {"name": "Can add log entry", "content_type": 6, "codename": "add_logentry"}}, {"model": "auth.permission", "pk": 22, "fields": {"name": "Can change log entry", "content_type": 6, "codename": "change_logentry"}}, {"model": "auth.permission", "pk": 23, "fields": {"name": "Can delete log entry", "content_type": 6, "codename": "delete_logentry"}}, {"model": "auth.permission", "pk": 24, "fields": {"name": "Can view log entry", "content_type": 6, "codename": "view_logentry"}}, {"model": "auth.permission", "pk": 25, "fields": {"name": "Can add permission", "content_type": 7, "codename": "add_permission"}}, {"model": "auth.permission", "pk": 26, "fields": {"name": "Can change permission", "content_type": 7, "codename": "change_permission"}}, {"model": "auth.permission", "pk": 27, "fields": {"name": "Can delete permission", "content_type": 7, "codename": "delete_permission"}}, {"model": "auth.permission", "pk": 28, "fields": {"name": "Can view permission", "content_type": 7, "codename": "view_permission"}}, {"model": "auth.permission", "pk": 29, "fields": {"name": "Can add group", "content_type": 8, "codename": "add_group"}}, {"model": "auth.permission", "pk": 30, "fields": {"name": "Can change group", "content_type": 8, "codename": "change_group"}}, {"model": "auth.permission", "pk": 31, "fields": {"name": "Can delete group", "content_type": 8, "codename": "delete_group"}}, {"model": "auth.permission", "pk": 32, "fields": {"name": "Can view group", "content_type": 8, "codename": "view_group"}}, {"model": "auth.permission", "pk": 33, "fields": {"name": "Can add user", "content_type": 9, "codename": "add_user"}}, {"model": "auth.permission", "pk": 34, "fields": {"name": "Can change user", "content_type": 9, "codename": "change_user"}}, {"model": "auth.permission", "pk": 35, "fields": {"name": "Can delete user", "content_type": 9, "codename": "delete_user"}}, {"model": "auth.permission", "pk": 36, "fields": {"name": "Can view user", "content_type": 9, "codename": "view_user"}}, {"model": "auth.permission", "pk": 37, "fields": {"name": "Can add content type", "content_type": 10, "codename": "add_contenttype"}}, {"model": "auth.permission", "pk": 38, "fields": {"name": "Can change content type", "content_type": 10, "codename": "change_contenttype"}}, {"model": "auth.permission", "pk": 39, "fields": {"name": "Can delete content type", "content_type": 10, "codename": "delete_contenttype"}}, {"model": "auth.permission", "pk": 40, "fields": {"name": "Can view content type", "content_type": 10, "codename": "view_contenttype"}}, {"model": "auth.permission", "pk": 41, "fields": {"name": "Can add session", "content_type": 11, "codename": "add_session"}}, {"model": "auth.permission", "pk": 42, "fields": {"name": "Can change session", "content_type": 11, "codename": "change_session"}}, {"model": "auth.permission", "pk": 43, "fields": {"name": "Can delete session", "content_type": 11, "codename": "delete_session"}}, {"model": "auth.permission", "pk": 44, "fields": {"name": "Can view session", "content_type": 11, "codename": "view_session"}}, {"model": "auth.user", "pk": 1, "fields": {"password": "pbkdf2_sha256$390000$7eFfXDXosssKcfwZVQtK0P$WVhPK980xEjjzZK8375/HvBJrMp3Tz52MItaLfqHDEs=", "last_login": "2023-02-09T20:21:49.054Z", "is_superuser": true, "username": "gabriel", "first_name": "gabriel", "last_name": "Rocha", "email": "gabriel@gmail.com", "is_staff": true, "is_active": true, "date_joined": "2023-02-09T16:30:32.238Z", "groups": [], "user_permissions": []}}, {"model": "auth.user", "pk": 2, "fields": {"password": "pbkdf2_sha256$390000$GPfCw5SYvMYoX70Y48Ftx8$2rc5iLFrW08N6i3xQxgU6xKKgnTaSjDEK3UmNQbKlXY=", "last_login": null, "is_superuser": false, "username": "milena", "first_name": "", "last_name": "", "email": "", "is_staff": false, "is_active": true, "date_joined": "2023-02-09T20:30:56.301Z", "groups": [], "user_permissions": []}}, {"model": "auth.user", "pk": 3, "fields": {"password": "blackclover", "last_login": null, "is_superuser": false, "username": "gbzin", "first_name": "gb", "last_name": "zim", "email": "gbzin@gmail.com", "is_staff": false, "is_active": true, "date_joined": "2023-02-11T17:00:41.117Z", "groups": [], "user_permissions": []}}, {"model": "contenttypes.contenttype", "pk": 1, "fields": {"app_label": "produto", "model": "produto"}}, {"model": "contenttypes.contenttype", "pk": 2, "fields": {"app_label": "produto", "model": "variacao"}}, {"model": "contenttypes.contenttype", "pk": 3, "fields": {"app_label": "pedido", "model": "pedido"}}, {"model": "contenttypes.contenttype", "pk": 4, "fields": {"app_label": "pedido", "model": "itempedido"}}, {"model": "contenttypes.contenttype", "pk": 5, "fields": {"app_label": "perfil", "model": "perfil"}}, {"model": "contenttypes.contenttype", "pk": 6, "fields": {"app_label": "admin", "model": "logentry"}}, {"model": "contenttypes.contenttype", "pk": 7, "fields": {"app_label": "auth", "model": "permission"}}, {"model": "contenttypes.contenttype", "pk": 8, "fields": {"app_label": "auth", "model": "group"}}, {"model": "contenttypes.contenttype", "pk": 9, "fields": {"app_label": "auth", "model": "user"}}, {"model": "contenttypes.contenttype", "pk": 10, "fields": {"app_label": "contenttypes", "model": "contenttype"}}, {"model": "contenttypes.contenttype", "pk": 11, "fields": {"app_label": "sessions", "model": "session"}}, {"model": "sessions.session", "pk": "0ei2qwslii5ii2pwan0vyqpo8cd1822z", "fields": {"session_data": ".eJyNkc1ywiAUhV_FYR0RkFhw6XTRTV-gm8zlJwmtgpLEdnTy7iXGWlvtTDfMcL_LOfdcjqiArq2LrrGxcAYtEUXZdU2BfrN-AOYVfBWwDr6NTuGhBZ9pg5-DsevVufeHQA1NnV6XnAtVWiZAKUM54yXVVhOQHBQQyM1C5wsqQEI5Z1YI_qDACsklcCBlmSdRDTE6Xwe0PCI5HNsYTNeG09wyu1x92Njk-BSiOwQ_ebExTB7h3SeJPUQHGv7Xc1qHRIOw1aHovGsTSvaU5lh8lXcd-DaR1u2_0Vg0YJIJzVCz7qqkVY9u00Nym5rRzW2gspsEL2GGgm9mjLD5jLDZzSO89RXqM8TY7x3w-c0SVuD98LPe2I87-a_x7iZ7crgTnhBM_gg_ovvh1c9JLrlR3_eft0PZ1w:1pQrRL:IG_7uGtTo92O04hhiCak6hk-BgxpD-v_G3A7yUMD60w", "expire_date": "2023-02-18T15:05:23.640Z"}}]
